INSERT INTO Users (AccountName, FirstName, LastName, Email, Slug, RegistrationData) 
VALUES ('admin', 'Admin', 'User', 'admin@example.com', 'admin', '2024-04-04 11:40:11'),
	('moderator', 'Moderator', 'Example', 'moderator@example.com', 'moderator', '2024-04-04 11:40:11'),
	('user1', 'John', 'Doe', 'john.doe@example.com', 'user1', '2024-04-04 11:40:11'),
	('user2', 'Jane', 'Smith', 'jane.smith@example.com', 'user2', '2024-04-04 11:40:11'),
	('user3', 'Adam', 'Johnson', 'adam.johnson@example.com', 'user3', '2024-04-04 11:40:11'),
	('user4', 'Emma', 'Thomas', 'emma.thomas@example.com', 'user4', '2024-04-04 11:40:11'),
	('user5', 'Michael', 'Williams', 'michael.williams@example.com', 'user5', '2024-04-04 11:40:11'),
	('user6', 'Sarah', 'Jones', 'sarah.jones@example.com', 'user6', '2024-04-04 11:40:11'),
	('user7', 'David', 'Brown', 'david.brown@example.com', 'user7', '2024-04-04 11:40:11'),
	('user8', 'Charles', 'Taylor', 'charles.taylor@example.com', 'user8', '2024-04-04 11:40:11'),
	('user9', 'Mary', 'Anderson', 'mary.anderson@example.com', 'user9', '2024-04-04 11:40:11' ),
	('user10', 'Robert', 'Wilson', 'robert.wilson@example.com', 'user10', '2024-04-04 11:40:11' ),
	('user11', 'Lisa', 'Thompson', 'lisa.thompson@example.com', 'user11', '2024-04-04 11:40:11' ),
	('user12', 'James', 'Roberts', 'james.roberts@example.com', 'user12', '2024-04-04 11:40:11' ),
	('user13', 'Karen', 'Williamson', 'karen.williamson@example.com', 'user13', '2024-04-04 11:40:11' ),
	('user14', 'Anna', 'Lee', 'anna.lee@example.com', 'user14', '2024-04-04 11:40:11' ),
	('user15', 'Peter', 'Johnson', 'peter.johnson@example.com', 'user15', '2024-04-04 11:40:11' );

INSERT INTO Videos (VideoFilePath, ReleaseDate, Title, Description, IsPublished, Slug, PreviewImagePath, ValidFrom, ValidTo) 
VALUES 
	('video1.mp4', '2023-01-01 00:00:00', 'Видео 1', 'Описание видео 1', True, 'video1', NULL, '2023-01-01 00:00:00', '5999-01-01 00:00:00'),
	('video2.mp4', '2022-12-31 23:59:59', 'Видео 2', 'Описание видео 2', True, 'video2', NULL, '2022-12-31 23:59:59', '5999-01-01 00:00:00'),
	('video3.mp4', '2021-12-24 00:00:00', 'Видео 3', 'Описание видео 3', True, 'video3', NULL, '2021-12-24 00:00:00', '5999-01-01 00:00:00'),
	('video4.mp4', '2023-01-01 00:00:00', 'Видео 4', 'Описание видео 4', True, 'video4', NULL, '2023-01-01 00:00:00', '5999-01-01 00:00:00'),
	('video5.mp4', '2022-12-31 23:59:59', 'Видео 5', 'Описание видео 5', True, 'video5', NULL, '2022-12-31 23:59:59', '5999-01-01 00:00:00'),
	('video6.mp4', '2021-12-24 00:00:00', 'Видео 6', 'Описание видео 6', True, 'video6', NULL, '2021-12-24 00:00:00', '5999-01-01 00:00:00'),
	('video7.mp4', '2023-01-01 00:00:00', 'Видео 7', 'Описание видео 7', True, 'video7', NULL, '2023-01-01 00:00:00', '5999-01-01 00:00:00'),
	('video8.mp4', '2022-12-31 23:59:59', 'Видео 8', 'Описание видео 8', True, 'video8', NULL, '2022-12-31 23:59:59', '5999-01-01 00:00:00'),
	('video9.mp4', '2021-12-24 00:00:00', 'Видео 9', 'Описание видео 9', True, 'video9', NULL, '2021-12-24 00:00:00', '5999-01-01 00:00:00'),
	('video10.mp4', '2023-01-01 00:00:00', 'Видео 10', 'Описание видео 10', True, 'video10', NULL, '2023-01-01 00:00:00', '5999-01-01 00:00:00'),
	('video11.mp4', '2022-12-31 23:59:59', 'Видео 11', 'Описание видео 11', True, 'video11', NULL, '2022-12-31 23:59:59', '5999-01-01 00:00:00'),
	('video12.mp4', '2021-12-24 00:00:00', 'Видео 12', 'Описание видео 12', True, 'video12', NULL, '2021-12-24 00:00:00', '5999-01-01 00:00:00'),
	('video13.mp4', '2023-01-01 00:00:00', 'Видео 13', 'Описание видео 13', True, 'video13', NULL, '2023-01-01 00:00:00', '5999-01-01 00:00:00'),
	('video14.mp4', '2022-12-31 23:59:59', 'Видео 14', 'Описание видео 14', True, 'video14', NULL, '2022-12-31 23:59:59', '5999-01-01 00:00:00'),
	('video15.mp4', '2021-12-24 00:00:00', 'Видео 15', 'Описание видео 15', True, 'video15', NULL, '2021-12-24 00:00:00', '5999-01-01 00:00:00');

INSERT INTO Categories (CategoryName)
VALUES
	('Games'),
	('Films'),
	('Chatting'),
	('DIY'),
	('Animals'),
	('Music'),
	('Music Video'),
	('Sport'),
	('Live streams records'),
	('Education'),
	('Fishing'),
	('Football'),
	('3D shooters'),
	('Humor'),
	('Finance');

INSERT INTO Playlists(Slug, Title, Description, AuthorID)
VALUES
	('krutoi_playlist_1', 'Крутой плeйлист', 'Крутой плейлист, крутые видео', 1),
	('krutoi_playlist_2', 'Крутой плeйлист', 'Крутой плейлист, крутые видео', 2),
	('krutoi_playlist_3', 'Крутой плeйлист', 'Крутой плейлист, крутые видео', 3),
	('krutoi_playlist_4', 'Крутой плeйлист', 'Крутой плейлист, крутые видео', 4),
	('krutoi_playlist_5', 'Крутой плeйлист', 'Крутой плейлист, крутые видео', 5),
	('krutoi_playlist_6', 'Крутой плeйлист', 'Крутой плейлист, крутые видео', 6),
	('krutoi_playlist_7', 'Крутой плeйлист', 'Крутой плейлист, крутые видео', 7),
	('krutoi_playlist_8', 'Крутой плeйлист', 'Крутой плейлист, крутые видео', 8),
	('krutoi_playlist_9', 'Крутой плeйлист', 'Крутой плейлист, крутые видео', 8),
	('krutoi_playlist_10', 'Крутой плeйлист', 'Крутой плейлист, крутые видео', 8),
	('krutoi_playlist_11', 'Крутой плeйлист', 'Крутой плейлист, крутые видео', 9),
	('krutoi_playlist_12', 'Крутой плeйлист', 'Крутой плейлист, крутые видео', 9),
	('krutoi_playlist_13', 'Крутой плeйлист', 'Крутой плейлист, крутые видео', 9),
	('krutoi_playlist_14', 'Крутой плeйлист', 'Крутой плейлист, крутые видео', 9),
	('krutoi_playlist_15', 'Крутой плeйлист', 'Крутой плейлист, крутые видео', 9);

INSERT INTO Comments (AuthorID, VideoID, CommentText, CreationData)
VALUES
	(1, 1, 'Видео полная туфта, хуже не было!', '2024-04-04 11:40:11'),
	(1, 1, 'Отписываюсь!', '2024-04-04 11:40:11'),
	(2, 1, 'Мене все понравилася', '2024-04-04 11:40:12'),
	(2, 1, 'Автор котегорически прав в своих доводах!', '2024-04-04 11:40:12'),
	(2, 3, 'Хорошее видео, бывало и хуже', '2024-04-04 11:40:12'),
	(3, 3, 'Ну кто так делает, а?', '2024-04-04 11:40:12'),
	(4, 3, 'Первый!', '2024-04-04 11:40:15'),
	(4, 4, '1090138479!', '2024-04-04 11:40:15'),
	(4, 5, '1090138479!', '2024-04-04 11:40:15'),
	(4, 5, 'Нет смысла', '2024-04-04 11:40:15'),
	(4, 5, 'Нет смысла, еще раз', '2024-04-04 11:40:15'),
	(5, 6, 'Да я его в Химках видал!', '2024-04-04 11:40:15'),
	(5, 6, 'Продам гараж 8 897 788 11 23!', '2024-04-04 11:40:15'),
	(5, 7, 'Мужики, помогите, на Ладе Весте загнуло шатун ...', '2024-04-04 11:40:15'),
	(6, 10, 'Все покупается', '2024-04-04 11:40:15');

INSERT INTO Subscriptions (Subscriber, SubscribedTo)
VALUES
	(1, 2),
	(3, 2),
	(4, 2),
	(5, 2),
	(6, 2),
	(1, 3),
	(5, 3),
	(6, 3),
	(9, 4),
	(10, 4),
	(11, 4),
	(3, 7),
	(4, 7),
	(5, 7),
	(8, 7),
	(1, 10),
	(2, 10),
	(3, 10),
	(4, 10),
	(5, 10),
	(6, 10),
	(7, 10),
	(8, 10),
	(9, 10),
	(11, 10),
	(13, 12),
	(14, 12),
	(9, 12),
	(8, 12),
	(7, 12);

INSERT INTO Views (AuthorID, VideoID, Liked, Disliked) 
VALUES
	(1, 1, True, False),
	(2, 1, False, True),
	(3, 1, False, False),
	(4, 1, False, False),
	(5, 1, True, False),
	(6, 1, False, True),
	(7, 1, False, False),
	(8, 1, False, False),
	(9, 1, False, False),
	(10, 1, False, True),
	(11, 1, False, False),
	(12, 1, False, False),
	(13, 1, False, False),
	(14, 1, False, False),
	(15, 1, False, False),
	(1, 2, True, False),
	(2, 2, False, False),
	(3, 2, False, False),
	(4, 2, True, False),
	(5, 2, False, False),
	(6, 2, True, False),
	(7, 2, False, False),
	(8, 2, False, False),
	(9, 2, False, False),
	(10, 2, True, False),
	(11, 2, False, True),
	(12, 2, True, False),
	(13, 2, False, False),
	(14, 2, False, False),
	(15, 2, False, False);

INSERT INTO RelationshipVideosPlaylists (VideoID, PlaylistID) VALUES
(1, 1), (2, 1), (3, 1), (4, 1), (5, 1), (6, 1), (7, 1), (8, 1), (9, 1), (10, 1),
(1, 2), (2, 2), (3, 2), (4, 2), (5, 2), (6, 2), (7, 2), (8, 2), (9, 2), (10, 2),
(1, 3), (2, 3), (3, 3), (4, 3), (5, 3), (6, 3), (7, 3), (8, 3), (9, 3), (10, 3);

INSERT INTO RelationshipVideosCategories(VideoID, CategoryName)
VALUES
	(1, 'Finance'), (1, 'Education'),
	(2, 'DIY'), (2, 'Education'), (2, 'Music'),
	(3, 'Music'), (3, 'Music Video'),
	(4, 'Sport'), (4, 'Football'),
	(5, 'Sport'), (5, 'Education'), 
	(6, 'Music'),
	(7, 'Sport'), (7, 'Fishing'),
	(8, 'Games'), (8, '3D shooters'),
	(9, 'Games'), (9, '3D shooters'),
	(10, 'Music'), (10, 'Music Video'),
	(11, 'Music'), (11, 'Education'),
	(12, 'Music'), (12, 'Games'),
	(13, 'Games'), (13, 'Education'),
	(14, 'Animals'), (14, 'Humor'),
	(15, 'Education'), (15, 'Finance');
	